"2016-03-03T15:51:42.050Z", "load", "https://www.reddit.com/r/all/", ""
"2016-03-03T15:51:53.023Z", "load", "http://i.imgur.com/Sb4nRMb.png", ""
"2016-03-03T15:52:12.861Z", "beforeunload", "http://i.imgur.com/Sb4nRMb.png", ""
"2016-03-03T15:52:16.397Z", "click", "https://www.reddit.com/r/all/", "https://i.imgur.com/mubbD3l.jpg"
"2016-03-03T15:52:16.432Z", "beforeunload", "https://www.reddit.com/r/all/", ""
"2016-03-03T15:52:16.691Z", "load", "https://i.imgur.com/mubbD3l.jpg", ""
"2016-03-03T15:52:26.955Z", "beforeunload", "https://i.imgur.com/mubbD3l.jpg", ""
"2016-03-03T15:52:28.585Z", "load", "https://www.reddit.com/r/all/", ""
"2016-03-03T15:52:32.458Z", "click", "https://www.reddit.com/r/all/", "http://i.imgur.com/QMW01mi.gifv"
"2016-03-03T15:52:32.486Z", "beforeunload", "https://www.reddit.com/r/all/", ""
"2016-03-03T15:52:32.758Z", "load", "http://i.imgur.com/QMW01mi.gifv", ""
"2016-03-03T15:52:43.842Z", "beforeunload", "http://i.imgur.com/QMW01mi.gifv", ""
"2016-03-03T15:52:44.393Z", "load", "https://www.reddit.com/r/all/", ""
"2016-03-03T15:52:54.468Z", "click", "https://www.reddit.com/r/all/", "https://www.reddit.com/r/all/?count=25&after=t3_48rry9"
"2016-03-03T15:52:54.517Z", "beforeunload", "https://www.reddit.com/r/all/", ""
"2016-03-03T15:52:55.866Z", "load", "https://www.reddit.com/r/all/?count=25&after=t3_48rry9", ""
"2016-03-03T15:52:58.569Z", "click", "https://www.reddit.com/r/all/?count=25&after=t3_48rry9", "http://imgur.com/GbGM3FY"
"2016-03-03T15:52:58.611Z", "beforeunload", "https://www.reddit.com/r/all/?count=25&after=t3_48rry9", ""
"2016-03-03T15:52:59.676Z", "load", "http://imgur.com/GbGM3FY", ""
"2016-03-03T15:53:03.998Z", "beforeunload", "http://imgur.com/GbGM3FY", ""
"2016-03-03T15:53:04.404Z", "load", "https://www.reddit.com/r/all/?count=25&after=t3_48rry9", ""
"2016-03-03T15:53:11.717Z", "click", "https://www.reddit.com/r/all/?count=25&after=t3_48rry9", "http://i.imgur.com/Be7EZDH.jpg"
"2016-03-03T15:53:11.752Z", "beforeunload", "https://www.reddit.com/r/all/?count=25&after=t3_48rry9", ""
"2016-03-03T15:53:11.920Z", "load", "http://i.imgur.com/Be7EZDH.jpg", ""
"2016-03-03T15:53:14.233Z", "beforeunload", "http://i.imgur.com/Be7EZDH.jpg", ""
"2016-03-03T15:53:15.477Z", "load", "https://www.reddit.com/r/all/?count=25&after=t3_48rry9", ""
"2016-03-03T15:53:23.612Z", "click", "https://www.reddit.com/r/all/?count=25&after=t3_48rry9", "http://www.avclub.com/article/nickelodeon-wraps-14-year-cliffhanger-greenlights--233170"
"2016-03-03T15:53:23.652Z", "beforeunload", "https://www.reddit.com/r/all/?count=25&after=t3_48rry9", ""
"2016-03-03T15:53:24.599Z", "load", "http://www.avclub.com/article/nickelodeon-wraps-14-year-cliffhanger-greenlights--233170", ""
"2016-03-03T15:53:29.351Z", "beforeunload", "http://www.avclub.com/article/nickelodeon-wraps-14-year-cliffhanger-greenlights--233170", ""
"2016-03-03T15:53:30.332Z", "load", "https://www.reddit.com/r/all/?count=25&after=t3_48rry9", ""
"2016-03-03T15:53:38.622Z", "click", "https://www.reddit.com/r/all/?count=25&after=t3_48rry9", "http://www.livememe.com/obb52dd"
"2016-03-03T15:53:38.657Z", "beforeunload", "https://www.reddit.com/r/all/?count=25&after=t3_48rry9", ""
"2016-03-03T15:53:39.445Z", "load", "http://www.livememe.com/obb52dd", ""
"2016-03-03T15:53:50.174Z", "beforeunload", "http://www.livememe.com/obb52dd", ""
"2016-03-03T15:53:50.609Z", "load", "https://www.reddit.com/r/all/?count=25&after=t3_48rry9", ""
"2016-03-03T15:54:07.044Z", "click", "https://www.reddit.com/r/all/?count=25&after=t3_48rry9", "https://www.reddit.com/r/all/?count=50&after=t3_48puy3"
"2016-03-03T15:54:07.086Z", "beforeunload", "https://www.reddit.com/r/all/?count=25&after=t3_48rry9", ""
"2016-03-03T15:54:08.451Z", "load", "https://www.reddit.com/r/all/?count=50&after=t3_48puy3", ""
"2016-03-03T15:54:35.096Z", "load", "http://i.imgur.com/XyrAVAB.jpg", ""
"2016-03-03T15:54:36.090Z", "beforeunload", "http://i.imgur.com/XyrAVAB.jpg", ""
"2016-03-03T15:54:37.287Z", "click", "https://www.reddit.com/r/all/?count=50&after=t3_48puy3", "http://i.imgur.com/XyrAVAB.jpg"
"2016-03-03T15:54:37.302Z", "beforeunload", "https://www.reddit.com/r/all/?count=50&after=t3_48puy3", ""
"2016-03-03T15:54:37.400Z", "load", "http://i.imgur.com/XyrAVAB.jpg", ""
"2016-03-03T15:54:39.284Z", "beforeunload", "http://i.imgur.com/XyrAVAB.jpg", ""
"2016-03-03T15:54:39.670Z", "load", "https://www.reddit.com/r/all/?count=50&after=t3_48puy3", ""
"2016-03-03T15:54:40.598Z", "click", "https://www.reddit.com/r/all/?count=50&after=t3_48puy3", "https://www.reddit.com/r/gaming/"
"2016-03-03T15:54:40.628Z", "beforeunload", "https://www.reddit.com/r/all/?count=50&after=t3_48puy3", ""
"2016-03-03T15:54:41.687Z", "load", "https://www.reddit.com/r/gaming/", ""
"2016-03-03T15:54:43.514Z", "click", "https://www.reddit.com/r/gaming/", "https://gfycat.com/HairyCleverCuckoo"
"2016-03-03T15:54:43.556Z", "beforeunload", "https://www.reddit.com/r/gaming/", ""
"2016-03-03T15:54:44.677Z", "load", "https://gfycat.com/HairyCleverCuckoo", ""
"2016-03-03T15:55:05.422Z", "beforeunload", "https://gfycat.com/HairyCleverCuckoo", ""
"2016-03-03T15:55:05.910Z", "load", "https://www.reddit.com/r/gaming/", ""
"2016-03-03T15:55:19.364Z", "click", "https://www.reddit.com/r/gaming/", "https://gfycat.com/MajorFeistyFattaileddunnart"
"2016-03-03T15:55:19.435Z", "beforeunload", "https://www.reddit.com/r/gaming/", ""
"2016-03-03T15:55:20.229Z", "load", "https://gfycat.com/MajorFeistyFattaileddunnart", ""
"2016-03-03T15:55:25.124Z", "beforeunload", "https://gfycat.com/MajorFeistyFattaileddunnart", ""
"2016-03-03T15:55:25.575Z", "load", "https://www.reddit.com/r/gaming/", ""
"2016-03-03T15:55:27.442Z", "click", "https://www.reddit.com/r/gaming/", "http://i.imgur.com/CQG1mAI.gif"
"2016-03-03T15:55:27.489Z", "beforeunload", "https://www.reddit.com/r/gaming/", ""
"2016-03-03T15:55:36.536Z", "load", "http://i.imgur.com/CQG1mAI.gif", ""
"2016-03-03T15:55:46.606Z", "beforeunload", "http://i.imgur.com/CQG1mAI.gif", ""
"2016-03-03T15:55:47.104Z", "load", "https://www.reddit.com/r/gaming/", ""
"2016-03-03T15:55:49.867Z", "click", "https://www.reddit.com/r/gaming/", "http://imgur.com/gallery/9QTZj"
"2016-03-03T15:55:49.897Z", "beforeunload", "https://www.reddit.com/r/gaming/", ""
"2016-03-03T15:55:51.317Z", "load", "http://imgur.com/gallery/9QTZj", ""
"2016-03-03T15:56:12.085Z", "beforeunload", "http://imgur.com/gallery/9QTZj", ""
"2016-03-03T15:56:12.607Z", "load", "https://www.reddit.com/r/gaming/", ""
"2016-03-03T15:56:15.045Z", "click", "https://www.reddit.com/r/gaming/", "https://www.reddit.com/r/gaming/?count=25&after=t3_48kja8"
"2016-03-03T15:56:15.079Z", "beforeunload", "https://www.reddit.com/r/gaming/", ""
"2016-03-03T15:56:16.119Z", "load", "https://www.reddit.com/r/gaming/?count=25&after=t3_48kja8", ""
"2016-03-03T15:56:52.014Z", "click", "https://www.reddit.com/r/gaming/?count=25&after=t3_48kja8", "http://imgur.com/a/UMROL"
"2016-03-03T15:56:52.039Z", "beforeunload", "https://www.reddit.com/r/gaming/?count=25&after=t3_48kja8", ""
"2016-03-03T15:56:53.636Z", "load", "http://imgur.com/a/UMROL", ""
"2016-03-03T15:57:02.464Z", "beforeunload", "http://imgur.com/a/UMROL", ""
"2016-03-03T15:57:03.097Z", "load", "https://www.reddit.com/r/gaming/?count=25&after=t3_48kja8", ""
"2016-03-03T15:57:04.673Z", "click", "https://www.reddit.com/r/gaming/?count=25&after=t3_48kja8", "https://www.reddit.com/r/worldnews/"
"2016-03-03T15:57:04.707Z", "beforeunload", "https://www.reddit.com/r/gaming/?count=25&after=t3_48kja8", ""
"2016-03-03T15:57:05.695Z", "load", "https://www.reddit.com/r/worldnews/", ""
"2016-03-03T15:57:21.002Z", "click", "https://www.reddit.com/r/worldnews/", "https://www.reddit.com/r/nintendo/"
"2016-03-03T15:57:21.032Z", "beforeunload", "https://www.reddit.com/r/worldnews/", ""
"2016-03-03T15:57:22.073Z", "load", "https://www.reddit.com/r/nintendo/", ""
"2016-03-03T15:57:26.400Z", "click", "https://www.reddit.com/r/nintendo/", "https://www.reddit.com/r/nintendo/comments/48rd1w/rumor_nintendo_funding_beyond_good_and_evil_sequel/"
"2016-03-03T15:57:26.437Z", "beforeunload", "https://www.reddit.com/r/nintendo/", ""
"2016-03-03T15:57:27.423Z", "load", "https://www.reddit.com/r/nintendo/comments/48rd1w/rumor_nintendo_funding_beyond_good_and_evil_sequel/", ""
"2016-03-03T15:57:54.093Z", "beforeunload", "https://www.reddit.com/r/nintendo/comments/48rd1w/rumor_nintendo_funding_beyond_good_and_evil_sequel/", ""
"2016-03-03T15:57:54.619Z", "load", "https://www.reddit.com/r/nintendo/", ""
"2016-03-03T15:58:00.651Z", "click", "https://www.reddit.com/r/nintendo/", "https://www.reddit.com/r/nintendo/comments/48r69x/why_did_the_gamecube_have_a_handle/"
"2016-03-03T15:58:00.686Z", "beforeunload", "https://www.reddit.com/r/nintendo/", ""
"2016-03-03T15:58:01.748Z", "load", "https://www.reddit.com/r/nintendo/comments/48r69x/why_did_the_gamecube_have_a_handle/", ""
"2016-03-03T15:59:14.911Z", "beforeunload", "https://www.reddit.com/r/nintendo/comments/48r69x/why_did_the_gamecube_have_a_handle/", ""
"2016-03-03T15:59:15.467Z", "load", "https://www.reddit.com/r/nintendo/", ""
"2016-03-03T15:59:22.600Z", "click", "https://www.reddit.com/r/nintendo/", "https://www.reddit.com/r/nintendo/comments/48qcrd/the_upcoming_nintendo_direct_will_most_likely/"
"2016-03-03T15:59:22.632Z", "beforeunload", "https://www.reddit.com/r/nintendo/", ""
"2016-03-03T15:59:23.576Z", "load", "https://www.reddit.com/r/nintendo/comments/48qcrd/the_upcoming_nintendo_direct_will_most_likely/", ""
"2016-03-03T15:59:42.121Z", "beforeunload", "https://www.reddit.com/r/nintendo/comments/48qcrd/the_upcoming_nintendo_direct_will_most_likely/", ""
"2016-03-03T15:59:42.639Z", "load", "https://www.reddit.com/r/nintendo/", ""
"2016-03-03T15:59:52.481Z", "click", "https://www.reddit.com/r/nintendo/", "http://kotaku.com/pokken-creators-wanted-to-make-pokemon-look-really-real-1762459327"
"2016-03-03T15:59:52.511Z", "beforeunload", "https://www.reddit.com/r/nintendo/", ""
"2016-03-03T15:59:53.738Z", "load", "http://kotaku.com/pokken-creators-wanted-to-make-pokemon-look-really-real-1762459327", ""
"2016-03-03T16:00:12.368Z", "beforeunload", "http://kotaku.com/pokken-creators-wanted-to-make-pokemon-look-really-real-1762459327", ""
"2016-03-03T16:00:12.940Z", "load", "https://www.reddit.com/r/nintendo/", ""
"2016-03-03T16:00:18.616Z", "click", "https://www.reddit.com/r/nintendo/", "https://www.reddit.com/r/pokemongo/"
"2016-03-03T16:00:18.650Z", "beforeunload", "https://www.reddit.com/r/nintendo/", ""
"2016-03-03T16:00:19.732Z", "load", "https://www.reddit.com/r/pokemongo/", ""
"2016-03-03T16:00:43.765Z", "click", "https://www.reddit.com/r/pokemongo/", "http://i.imgur.com/7301FKP.gif"
"2016-03-03T16:00:43.785Z", "beforeunload", "https://www.reddit.com/r/pokemongo/", ""
"2016-03-03T16:00:44.191Z", "load", "http://i.imgur.com/7301FKP.gif", ""
"2016-03-03T16:00:51.891Z", "beforeunload", "http://i.imgur.com/7301FKP.gif", ""
"2016-03-03T16:00:52.326Z", "load", "https://www.reddit.com/r/pokemongo/", ""
"2016-03-03T16:01:00.537Z", "click", "https://www.reddit.com/r/pokemongo/", "https://www.reddit.com/r/TheSilphRoad/comments/48r0rs/dont_lose_hope_heres_some_reasons_why_i_think/"
"2016-03-03T16:01:00.584Z", "beforeunload", "https://www.reddit.com/r/pokemongo/", ""
"2016-03-03T16:01:02.414Z", "load", "https://www.reddit.com/r/TheSilphRoad/comments/48r0rs/dont_lose_hope_heres_some_reasons_why_i_think/", ""
"2016-03-03T16:01:43.004Z", "click", "https://www.reddit.com/r/TheSilphRoad/comments/48r0rs/dont_lose_hope_heres_some_reasons_why_i_think/", "https://www.reddit.com/r/pokemongo/"
"2016-03-03T16:01:43.032Z", "beforeunload", "https://www.reddit.com/r/TheSilphRoad/comments/48r0rs/dont_lose_hope_heres_some_reasons_why_i_think/", ""
"2016-03-03T16:01:44.091Z", "load", "https://www.reddit.com/r/pokemongo/", ""
"2016-03-03T16:01:47.217Z", "click", "https://www.reddit.com/r/pokemongo/", "https://www.reddit.com/r/gamedev/"
"2016-03-03T16:01:47.246Z", "beforeunload", "https://www.reddit.com/r/pokemongo/", ""
"2016-03-03T16:01:48.641Z", "load", "https://www.reddit.com/r/gamedev/", ""
"2016-03-03T16:01:56.369Z", "click", "https://www.reddit.com/r/gamedev/", "https://www.reddit.com/r/gamedev/comments/48rd07/list_of_game_companies_with_interships/"
"2016-03-03T16:01:56.404Z", "beforeunload", "https://www.reddit.com/r/gamedev/", ""
"2016-03-03T16:01:58.187Z", "load", "https://www.reddit.com/r/gamedev/comments/48rd07/list_of_game_companies_with_interships/", ""
"2016-03-03T16:02:36.885Z", "beforeunload", "https://www.reddit.com/r/gamedev/comments/48rd07/list_of_game_companies_with_interships/", ""
"2016-03-03T16:02:37.307Z", "load", "https://www.reddit.com/r/gamedev/", ""
"2016-03-03T16:02:46.881Z", "click", "https://www.reddit.com/r/gamedev/", "https://www.reddit.com/r/Unity3D/"
"2016-03-03T16:02:46.911Z", "beforeunload", "https://www.reddit.com/r/gamedev/", ""
"2016-03-03T16:02:48.222Z", "load", "https://www.reddit.com/r/Unity3D/", ""
"2016-03-03T16:02:56.096Z", "click", "https://www.reddit.com/r/Unity3D/", "http://i.imgur.com/lfIvVRf.png"
"2016-03-03T16:02:56.128Z", "beforeunload", "https://www.reddit.com/r/Unity3D/", ""
"2016-03-03T16:02:56.418Z", "load", "http://i.imgur.com/lfIvVRf.png", ""
"2016-03-03T16:03:23.411Z", "beforeunload", "http://i.imgur.com/lfIvVRf.png", ""
"2016-03-03T16:03:23.886Z", "load", "https://www.reddit.com/r/Unity3D/", ""
"2016-03-03T16:03:26.241Z", "click", "https://www.reddit.com/r/Unity3D/", "https://www.reddit.com/r/Unity3D/comments/48ry34/what_a_shitty_thing_for_a_dev_to_do/"
"2016-03-03T16:03:26.274Z", "beforeunload", "https://www.reddit.com/r/Unity3D/", ""
"2016-03-03T16:03:27.076Z", "load", "https://www.reddit.com/r/Unity3D/comments/48ry34/what_a_shitty_thing_for_a_dev_to_do/", ""
"2016-03-03T16:03:40.506Z", "beforeunload", "https://www.reddit.com/r/Unity3D/comments/48ry34/what_a_shitty_thing_for_a_dev_to_do/", ""
"2016-03-03T16:03:41.044Z", "load", "https://www.reddit.com/r/Unity3D/", ""
"2016-03-03T16:03:54.720Z", "click", "https://www.reddit.com/r/Unity3D/", "https://www.reddit.com/r/unrealengine/"
"2016-03-03T16:03:54.756Z", "beforeunload", "https://www.reddit.com/r/Unity3D/", ""
"2016-03-03T16:03:55.786Z", "load", "https://www.reddit.com/r/unrealengine/", ""
"2016-03-03T16:04:16.913Z", "click", "https://www.reddit.com/r/unrealengine/", "https://youtu.be/1Bl2Ejc3eUI"
"2016-03-03T16:04:16.937Z", "beforeunload", "https://www.reddit.com/r/unrealengine/", ""
"2016-03-03T16:04:18.151Z", "load", "https://www.youtube.com/watch?v=1Bl2Ejc3eUI&feature=youtu.be", ""
"2016-03-03T16:04:37.472Z", "beforeunload", "https://www.youtube.com/watch?v=1Bl2Ejc3eUI&feature=youtu.be", ""
"2016-03-03T16:04:37.973Z", "load", "https://www.reddit.com/r/unrealengine/", ""
"2016-03-03T16:04:45.232Z", "click", "https://www.reddit.com/r/unrealengine/", "https://www.reddit.com/r/Advance_Wars/"
"2016-03-03T16:04:45.252Z", "beforeunload", "https://www.reddit.com/r/unrealengine/", ""
"2016-03-03T16:04:47.317Z", "load", "https://www.reddit.com/r/Advance_Wars/", ""
"2016-03-03T16:04:50.790Z", "click", "https://www.reddit.com/r/Advance_Wars/", "https://www.reddit.com/r/Advance_Wars/comments/48myft/advance_wars_dual_strike_hard_campaign_max/"
"2016-03-03T16:04:50.820Z", "beforeunload", "https://www.reddit.com/r/Advance_Wars/", ""
"2016-03-03T16:04:51.664Z", "load", "https://www.reddit.com/r/Advance_Wars/comments/48myft/advance_wars_dual_strike_hard_campaign_max/", ""
"2016-03-03T16:04:59.165Z", "click", "https://www.reddit.com/r/Advance_Wars/comments/48myft/advance_wars_dual_strike_hard_campaign_max/", "https://youtu.be/Ma7Mi-J2r6s"
"2016-03-03T16:04:59.200Z", "beforeunload", "https://www.reddit.com/r/Advance_Wars/comments/48myft/advance_wars_dual_strike_hard_campaign_max/", ""
"2016-03-03T16:05:00.351Z", "load", "https://www.youtube.com/watch?v=Ma7Mi-J2r6s&feature=youtu.be", ""
"2016-03-03T16:07:10.490Z", "beforeunload", "https://www.youtube.com/watch?v=Ma7Mi-J2r6s&feature=youtu.be", ""
"2016-03-03T16:07:11.017Z", "load", "https://www.reddit.com/r/Advance_Wars/comments/48myft/advance_wars_dual_strike_hard_campaign_max/", ""
"2016-03-03T16:07:13.178Z", "beforeunload", "https://www.reddit.com/r/Advance_Wars/comments/48myft/advance_wars_dual_strike_hard_campaign_max/", ""
"2016-03-03T16:07:13.624Z", "load", "https://www.reddit.com/r/Advance_Wars/", ""
"2016-03-03T16:07:21.717Z", "click", "https://www.reddit.com/r/Advance_Wars/", "https://www.reddit.com/r/Advance_Wars/comments/48o8dm/awbw_leagues_not_working/"
"2016-03-03T16:07:21.756Z", "beforeunload", "https://www.reddit.com/r/Advance_Wars/", ""
"2016-03-03T16:07:22.851Z", "load", "https://www.reddit.com/r/Advance_Wars/comments/48o8dm/awbw_leagues_not_working/", ""
"2016-03-03T16:07:31.793Z", "beforeunload", "https://www.reddit.com/r/Advance_Wars/comments/48o8dm/awbw_leagues_not_working/", ""
"2016-03-03T16:07:32.190Z", "load", "https://www.reddit.com/r/Advance_Wars/", ""
"2016-03-03T16:07:35.314Z", "click", "https://www.reddit.com/r/Advance_Wars/", "https://www.reddit.com/r/TheMakingOfGames/"
"2016-03-03T16:07:35.331Z", "beforeunload", "https://www.reddit.com/r/Advance_Wars/", ""
"2016-03-03T16:07:36.375Z", "load", "https://www.reddit.com/r/TheMakingOfGames/", ""
"2016-03-03T16:07:55.456Z", "click", "https://www.reddit.com/r/TheMakingOfGames/", "https://www.reddit.com/r/all"
"2016-03-03T16:07:55.486Z", "beforeunload", "https://www.reddit.com/r/TheMakingOfGames/", ""
"2016-03-03T16:07:56.433Z", "load", "https://www.reddit.com/r/all", ""
"2016-03-03T16:08:19.956Z", "click", "https://www.reddit.com/r/all", "https://www.reddit.com/r/BlackPeopleTwitter/comments/48s5nc/fuck_tidal/"
"2016-03-03T16:08:20.001Z", "beforeunload", "https://www.reddit.com/r/all", ""
"2016-03-03T16:08:21.101Z", "load", "https://www.reddit.com/r/BlackPeopleTwitter/comments/48s5nc/fuck_tidal/", ""
"2016-03-03T16:08:25.666Z", "beforeunload", "https://www.reddit.com/r/BlackPeopleTwitter/comments/48s5nc/fuck_tidal/", ""
"2016-03-03T16:08:26.088Z", "load", "https://www.reddit.com/r/all", ""
"2016-03-03T16:08:30.433Z", "click", "https://www.reddit.com/r/all", "https://www.reddit.com/r/conspiracy/comments/48rto0/an_online_petition_to_arrest_bill_clinton_for/"
"2016-03-03T16:08:30.455Z", "beforeunload", "https://www.reddit.com/r/all", ""
"2016-03-03T16:08:32.080Z", "load", "https://www.reddit.com/r/conspiracy/comments/48rto0/an_online_petition_to_arrest_bill_clinton_for/", ""
"2016-03-03T16:09:01.888Z", "beforeunload", "https://www.reddit.com/r/conspiracy/comments/48rto0/an_online_petition_to_arrest_bill_clinton_for/", ""
"2016-03-03T16:09:02.330Z", "load", "https://www.reddit.com/r/all", ""
"2016-03-03T16:09:04.139Z", "click", "https://www.reddit.com/r/all", "https://www.reddit.com/r/all/?count=25&after=t3_48q8ag"
"2016-03-03T16:09:04.177Z", "beforeunload", "https://www.reddit.com/r/all", ""
"2016-03-03T16:09:05.174Z", "load", "https://www.reddit.com/r/all/?count=25&after=t3_48q8ag", ""
"2016-03-03T16:09:10.334Z", "click", "https://www.reddit.com/r/all/?count=25&after=t3_48q8ag", "https://imgflip.com/i/10734m#HAJ0rBh8MH8Rjde2.16"
"2016-03-03T16:09:10.374Z", "beforeunload", "https://www.reddit.com/r/all/?count=25&after=t3_48q8ag", ""
"2016-03-03T16:09:11.635Z", "load", "https://imgflip.com/i/10734m#HAJ0rBh8MH8Rjde2.16", ""
"2016-03-03T16:09:16.352Z", "beforeunload", "https://imgflip.com/i/10734m#HAJ0rBh8MH8Rjde2.16", ""
"2016-03-03T16:09:16.843Z", "load", "https://www.reddit.com/r/all/?count=25&after=t3_48q8ag", ""
"2016-03-03T16:09:20.728Z", "click", "https://www.reddit.com/r/all/?count=25&after=t3_48q8ag", "https://www.reddit.com/r/RoomPorn/comments/48rw0h/comfy_movie_theater_634_x_423/"
"2016-03-03T16:09:20.766Z", "beforeunload", "https://www.reddit.com/r/all/?count=25&after=t3_48q8ag", ""
"2016-03-03T16:09:22.026Z", "load", "https://www.reddit.com/r/RoomPorn/comments/48rw0h/comfy_movie_theater_634_x_423/", ""
"2016-03-03T16:09:23.851Z", "click", "https://www.reddit.com/r/RoomPorn/comments/48rw0h/comfy_movie_theater_634_x_423/", "http://i.imgur.com/JYkXAdZ.jpg"
"2016-03-03T16:09:23.881Z", "beforeunload", "https://www.reddit.com/r/RoomPorn/comments/48rw0h/comfy_movie_theater_634_x_423/", ""
"2016-03-03T16:09:24.139Z", "load", "http://i.imgur.com/JYkXAdZ.jpg", ""
"2016-03-03T16:09:26.253Z", "beforeunload", "http://i.imgur.com/JYkXAdZ.jpg", ""
"2016-03-03T16:09:26.828Z", "load", "https://www.reddit.com/r/RoomPorn/comments/48rw0h/comfy_movie_theater_634_x_423/", ""
"2016-03-03T16:09:27.462Z", "beforeunload", "https://www.reddit.com/r/RoomPorn/comments/48rw0h/comfy_movie_theater_634_x_423/", ""
"2016-03-03T16:09:27.886Z", "load", "https://www.reddit.com/r/all/?count=25&after=t3_48q8ag", ""
"2016-03-03T16:09:29.880Z", "click", "https://www.reddit.com/r/all/?count=25&after=t3_48q8ag", "https://oregonforbernie.com/representative-robert-nosse-endorses-bernie-sanders-2/"
"2016-03-03T16:09:29.911Z", "beforeunload", "https://www.reddit.com/r/all/?count=25&after=t3_48q8ag", ""
"2016-03-03T16:09:35.826Z", "load", "https://oregonforbernie.com/representative-robert-nosse-endorses-bernie-sanders-2/", ""
"2016-03-03T16:09:40.413Z", "beforeunload", "https://oregonforbernie.com/representative-robert-nosse-endorses-bernie-sanders-2/", ""
"2016-03-03T16:09:41.564Z", "load", "https://www.reddit.com/r/all/?count=25&after=t3_48q8ag", ""
"2016-03-03T16:09:43.910Z", "click", "https://www.reddit.com/r/all/?count=25&after=t3_48q8ag", "https://www.reddit.com/r/politics/comments/48saop/58_say_theyd_like_to_see_the_president_nominate/"
"2016-03-03T16:09:43.948Z", "beforeunload", "https://www.reddit.com/r/all/?count=25&after=t3_48q8ag", ""
"2016-03-03T16:09:45.126Z", "load", "https://www.reddit.com/r/politics/comments/48saop/58_say_theyd_like_to_see_the_president_nominate/", ""
"2016-03-03T16:10:01.912Z", "beforeunload", "https://www.reddit.com/r/politics/comments/48saop/58_say_theyd_like_to_see_the_president_nominate/", ""
"2016-03-03T16:10:02.341Z", "load", "https://www.reddit.com/r/all/?count=25&after=t3_48q8ag", ""
"2016-03-03T16:10:04.228Z", "click", "https://www.reddit.com/r/all/?count=25&after=t3_48q8ag", "https://www.reddit.com/r/all/?count=50&after=t3_48pzy6"
"2016-03-03T16:10:04.274Z", "beforeunload", "https://www.reddit.com/r/all/?count=25&after=t3_48q8ag", ""
"2016-03-03T16:10:05.222Z", "load", "https://www.reddit.com/r/all/?count=50&after=t3_48pzy6", ""
"2016-03-03T16:10:08.501Z", "click", "https://www.reddit.com/r/all/?count=50&after=t3_48pzy6", "http://si-news.com/flexible-smartphones-will-be-rocking-the-markets-soon"
"2016-03-03T16:10:08.534Z", "beforeunload", "https://www.reddit.com/r/all/?count=50&after=t3_48pzy6", ""
"2016-03-03T16:10:11.037Z", "load", "http://si-news.com/flexible-smartphones-will-be-rocking-the-markets-soon", ""
"2016-03-03T16:10:20.121Z", "beforeunload", "http://si-news.com/flexible-smartphones-will-be-rocking-the-markets-soon", ""
"2016-03-03T16:10:20.692Z", "load", "https://www.reddit.com/r/all/?count=50&after=t3_48pzy6", ""
"2016-03-03T16:10:27.754Z", "click", "https://www.reddit.com/r/all/?count=50&after=t3_48pzy6", "http://i.imgur.com/ZxDp70W.jpg"
"2016-03-03T16:10:27.783Z", "beforeunload", "https://www.reddit.com/r/all/?count=50&after=t3_48pzy6", ""
"2016-03-03T16:10:27.982Z", "load", "http://i.imgur.com/ZxDp70W.jpg", ""
"2016-03-03T16:10:30.958Z", "beforeunload", "http://i.imgur.com/ZxDp70W.jpg", ""
"2016-03-03T16:10:31.369Z", "load", "https://www.reddit.com/r/all/?count=50&after=t3_48pzy6", ""
"2016-03-03T16:10:34.964Z", "click", "https://www.reddit.com/r/all/?count=50&after=t3_48pzy6", "http://i.imgur.com/SeZNtnk.jpg"
"2016-03-03T16:10:34.997Z", "beforeunload", "https://www.reddit.com/r/all/?count=50&after=t3_48pzy6", ""
"2016-03-03T16:10:35.215Z", "load", "http://i.imgur.com/SeZNtnk.jpg", ""
"2016-03-03T16:10:50.397Z", "beforeunload", "http://i.imgur.com/SeZNtnk.jpg", ""
"2016-03-03T16:10:50.878Z", "load", "https://www.reddit.com/r/all/?count=50&after=t3_48pzy6", ""
"2016-03-03T16:10:52.486Z", "click", "https://www.reddit.com/r/all/?count=50&after=t3_48pzy6", "http://imgur.com/kx5LdjA"
"2016-03-03T16:10:52.514Z", "beforeunload", "https://www.reddit.com/r/all/?count=50&after=t3_48pzy6", ""
"2016-03-03T16:10:53.595Z", "load", "http://imgur.com/kx5LdjA", ""
"2016-03-03T16:10:55.139Z", "beforeunload", "http://imgur.com/kx5LdjA", ""
"2016-03-03T16:10:55.585Z", "load", "https://www.reddit.com/r/all/?count=50&after=t3_48pzy6", ""
"2016-03-03T16:10:58.138Z", "click", "https://www.reddit.com/r/all/?count=50&after=t3_48pzy6", "https://www.reddit.com/r/gaming/"
"2016-03-03T16:10:58.166Z", "beforeunload", "https://www.reddit.com/r/all/?count=50&after=t3_48pzy6", ""
"2016-03-03T16:10:59.470Z", "load", "https://www.reddit.com/r/gaming/", ""
"2016-03-03T16:11:04.184Z", "click", "https://www.reddit.com/r/gaming/", "https://www.reddit.com/r/Advance_Wars/"
"2016-03-03T16:11:04.226Z", "beforeunload", "https://www.reddit.com/r/gaming/", ""
"2016-03-03T16:11:05.386Z", "load", "https://www.reddit.com/r/Advance_Wars/", ""
"2016-03-03T16:11:11.739Z", "click", "https://www.reddit.com/r/Advance_Wars/", "https://www.reddit.com/r/Advance_Wars/comments/48gq09/2016_awds_doubleelimination_tournament_match_5/"
"2016-03-03T16:11:11.769Z", "beforeunload", "https://www.reddit.com/r/Advance_Wars/", ""
"2016-03-03T16:11:13.020Z", "load", "https://www.reddit.com/r/Advance_Wars/comments/48gq09/2016_awds_doubleelimination_tournament_match_5/", ""
"2016-03-03T16:11:27.797Z", "beforeunload", "https://www.reddit.com/r/Advance_Wars/comments/48gq09/2016_awds_doubleelimination_tournament_match_5/", ""
"2016-03-03T16:11:28.307Z", "load", "https://www.reddit.com/r/Advance_Wars/", ""
